american_football.football_coach.current_team_head_coached
american_football.football_conference.teams
american_football.football_division.teams
american_football.football_game.away_team
american_football.football_game.home_team
american_football.football_game.season
american_football.football_player.position_s
american_football.football_team.away_games
american_football.football_team.conference
american_football.football_team.division
american_football.football_team.home_games
amusement_parks.amusement_park_area.parks
amusement_parks.amusement_park_area.rides
amusement_parks.park.rides
amusement_parks.ride.area
amusement_parks.ride.designer
amusement_parks.ride.manufacturer
amusement_parks.ride.park
amusement_parks.ride.ride_type
amusement_parks.ride.theme
amusement_parks.ride_designer.rides
amusement_parks.ride_manufacturer.rides
amusement_parks.ride_theme.rides
amusement_parks.ride_type.rides
amusement_parks.roller_coaster.material
amusement_parks.roller_coaster.propulsion
amusement_parks.roller_coaster_material.roller_coasters
amusement_parks.roller_coaster_propulsion_system.roller_coasters
architecture.architect.architectural_style
architecture.architect.structures_designed
architecture.architectural_style.architects
architecture.architectural_style.examples
architecture.architecture_firm.projects
architecture.building.building_complex
architecture.building.building_function
architecture.building_complex.buildings_in_complex
architecture.building_function.buildings
architecture.destruction_method.structures_destroyed
architecture.landscape_architect.landscape_project
architecture.lighthouse.construction
architecture.lighthouse_construction_material.used_on_lighthouse
architecture.museum.director
architecture.museum.type_of_museum
architecture.structure.architect
architecture.structure.architectural_style
architecture.structure.architecture_firm
architecture.structure.contractor
architecture.structure.destroyed_by
architecture.structure.engineer
architecture.type_of_museum.museums
astronomy.asteroid.member_of_asteroid_group
astronomy.asteroid_group.asteroid_group_members
astronomy.astronomer.astronomical_objects_discovered
astronomy.astronomical_discovery.discoverer
astronomy.astronomical_discovery.discovery_organization
astronomy.astronomical_discovery.discovery_site
astronomy.astronomical_observatory.discoveries
astronomy.astronomical_survey_project_organization.celestial_objects_discovered
astronomy.celestial_object.category
astronomy.celestial_object.locations
astronomy.celestial_object_category.objects
astronomy.celestial_object_category.subcategory_of
astronomy.celestial_object_with_coordinate_system.planetographic_coordinate_system
astronomy.constellation.contains
astronomy.extraterrestrial_location.on_celestial_object
astronomy.extraterrestrial_location.type_of_planetographic_feature
astronomy.near_earth_object.near_earth_object_classification
astronomy.near_earth_object_classification.near_earth_objects
astronomy.orbital_relationship.orbited_by
astronomy.orbital_relationship.orbits
astronomy.star.constellation
astronomy.star_system.planetary_system
astronomy.star_system_body.star_system
astronomy.type_of_planetographic_feature.planetographic_features_of_this_type
automotive.automotive_class.examples
automotive.company.make_s
automotive.generation.make
automotive.make.model_s
automotive.make.parent_company
automotive.manufacturing_plant.company
automotive.model.automotive_class
automotive.model.generations
automotive.model.make
automotive.model.predecessor
automotive.model.similar
automotive.model.successor
aviation.aircraft_designer.aircraft_models_designed
aviation.aircraft_line.models_in_line
aviation.aircraft_manufacturer.aircraft_models_made
aviation.aircraft_model.accidents
aviation.aircraft_model.aircraft_type
aviation.aircraft_model.designed_by
aviation.aircraft_model.engine_type
aviation.aircraft_model.manufacturer
aviation.aircraft_model.variants
aviation.aircraft_type.aircraft_of_this_type
aviation.airline.accidents
aviation.airline.alliance
aviation.airline.focus_cities
aviation.airline.hubs
aviation.airline_alliance.member_airlines
aviation.airliner_accident.accident_type
aviation.airliner_accident.aircraft_type
aviation.airliner_accident.flight_destination
aviation.airliner_accident.flight_origin
aviation.airliner_accident.operator
aviation.airport.airport_type
aviation.airport.focus_city_for
aviation.airport.hub_for
aviation.airport.operator
aviation.airport.serves
aviation.airport_operator.airports_operated
award.award.presented_by
award.award_category.category_of
award.award_category.disciplines_or_subjects
award.award_category.presenting_organization
award.award_discipline.awards_in_this_discipline
award.award_presenting_organization.award_categories_presented
award.award_presenting_organization.awards_presented
award.competition.competitors
award.competition.instance_of_recurring_competition
award.competition.type_of_competition
award.competition.winner
award.competition_type.competitions_of_this_type
award.competitor.competitions
award.competitor.competitions_won
award.hall_of_fame_discipline.halls_of_fame
award.recurring_competition.individual_competitions
base.aareas.coding_scheme.types
base.aareas.schema.administrative_area.administrative_area_type
base.aareas.schema.administrative_area.administrative_children
base.aareas.schema.administrative_area.administrative_parent
base.aareas.schema.administrative_area.capital
base.aareas.schema.administrative_area.pertinent_type
base.aareas.schema.administrative_area.subdividing_type
base.aareas.schema.administrative_area_type.expected_codes
base.aareas.schema.administrative_area_type.iso_country
base.aareas.schema.administrative_area_type.pertains_to
base.aareas.schema.administrative_area_type.sovereignty
base.aareas.schema.administrative_area_type.subdivides_place
base.abcbirds.conservation_project.project_location_s
base.academyawards.host_of_oscar_show.oscar_show_hosted
base.activism.activism_issue.activist_organizations
base.activism.activism_issue.activists
base.activism.activism_issue.includes_issues
base.activism.activism_issue.supporting_political_parties
base.activism.activist.area_of_activism
base.activism.organization.area_of_activism
base.adultentertainment.adult_entertainer.sexual_orientation
base.adultentertainment.adult_entertainer.specialises_in_fetishes
base.adultentertainment.adult_media.sexual_fetishes_portrayed
base.adultentertainment.adult_media.sexual_orientations_displayed
base.aliens.ufo_sighting_location.ufo_sighting_s
base.americancivilwar.battle.campaign
base.americancivilwar.battle.military_units_involved_in_this_conflict
base.americancivilwar.campaign.battle
base.americancivilwar.campaign.theater
base.americancivilwar.military_unit.conflicts_participated_in
base.americancomedy.celebrity_impressionist.celebrities_impersonated
base.americancomedy.comedian.comedy_genres
base.americancomedy.comedian.performed_in_venues
base.americancomedy.double_act.comic
base.americancomedy.impersonated_celebrity.impersonated_by
base.ancientegypt.pharaoh.predecessor
base.ancientegypt.pharaoh.successor
base.ancientegypt.tomb.excavated_by
base.animal_synopses.synopsized_animal.has_synopsis
base.animanga.franchise.anime_series
base.animemanga.anime_manga_character.anime_appearances
base.animemanga.anime_manga_creator.anime_manga_created
base.animemanga.anime_manga_franchise.anime_title
base.animemanga.anime_manga_franchise.genre
base.animemanga.anime_manga_franchise.manga_title
base.animemanga.anime_manga_franchise.sub_franchise
base.animemanga.anime_manga_genre.anime_manga_franchises
base.animemanga.anime_studio.anime_titles
base.animemanga.anime_title.animanga_franchise
base.animemanga.manga_title.characters
base.animemanga.manga_title.illustrator
base.argumentmaps.event_of_disputed_occurance.people_who_think_it_didn_t_happen
base.argumentmaps.expression_of_disvalue.thing_of_disputed_value
base.argumentmaps.idea.assumptions
base.argumentmaps.innovator.original_ideas
base.argumentmaps.morally_disputed_activity.instance_of_abstract_moral_dispute
base.argumentmaps.original_idea.innovator
base.argumentmaps.thinker.thinks_this_doesn_t_exist
base.athletics.athletics_event.discipline
base.ballet.ballet.choreographer
base.ballet.ballet_company.founder
base.ballet.ballet_composer.ballets_composed
base.banking.investment_scheme.included_in
base.barbie.barbie_doll.theme
base.barbie.barbie_theme.dolls_with_this_theme
base.biblioness.bibs_location.country
base.biblioness.bibs_location.state
base.bioventurist.bv_medical_condition.company_involved
base.bioventurist.product.developed_by
base.bioventurist.product.stage_of_development
base.bioventurist.product.technology_involved
base.bioventurist.science_or_technology_company.area_of_expertise
base.bioventurist.science_or_technology_company.develops_treatments_for_disease
base.bioventurist.science_or_technology_company.products
base.bioventurist.technology_class.company_involved
base.bioventurist.technology_class.products_involving_this_technology
base.birdconservation.bird_taxa.leg_band_size_s
base.bowlgames.bowl_game.stadium
base.breakfast.breakfast_cereal_brand.ingredients
base.breakfast.breakfast_cereal_brand.manufacturer
base.breakfast.breakfast_cereal_mascot.brand
base.breakfast.breakfast_cereal_theme.brands
base.cars_refactor.company.primary_make
base.cars_refactor.generation.model
base.cars_refactor.make.model_s
base.cars_refactor.model.generations
base.cars_refactor.model.make
base.casinos.casino_theme.casinos_in_this_theme
base.caveart.cave.galleries
base.change.process.part_of_process
base.charities.geographic_scope.charities
base.christmas.christmas_carol.language
base.cinemainspector.person_sign.star_sign
base.classiccars.antique_car.body_styles
base.classiccars.classic_car.body_styles_produced
base.classiccars.vintage_car.body_styles_produced
base.cocktails.cocktail.standard_drinkware
base.cocktails.cocktail.standard_garnish
base.cocktails.cocktail_garnish.cocktails_with_this_garnish
base.coinsdaily.coin_type.issuer
base.coinsdaily.coin_type.parent_coin_type
base.computerscience.cryptographer.algorithms_designed
base.conservationaction.lead_agency_or_organization.program_s
base.cookingsupplyandequipment.cooking_material_supplier.specialization_if_any
base.crime.crime.crime_type
base.crime.crime.victim_s
base.crime.crime_victim.crime_type
base.crime.criminal_organisation.type_of_criminal_organization
base.crime.criminal_trial.criminal_defence_attorney
base.crime.type_of_criminal_organization.criminal_organizations_of_this_type
base.cryptography.cipher.created_by
base.csafarms.csa_product.providers
base.culturalevent.event.entity_involved
base.cycleroute.cycle_route.network
base.dance.dance_company.genre
base.dancingwiththestars.contestant.season_on_dwts
base.dancingwiththestars.professional_performer.celebrity_dance_partner
base.dancingwiththestars.professional_performer.seasons_on_dwts
base.dancingwiththestars.season.celebrity_performer
base.database.database.topic_s
base.database.database_topic.database_s_for_this_topic
base.digitalcameras.digital_camera.lens_mount
base.digitalcameras.digital_camera.slowest_shutter
base.digitalcameras.slr_lens.lens_type
base.dinosaur.dinosaur.diet
base.disaster2.death_causing_event.person_killed
base.disaster2.shipwreck_cause.ships_wrecked_this_way
base.disaster2.train_accident_cause.train_accidents_caused_this_way
base.disaster2.type_of_injury_causing_event.caused_by_activity
base.disaster2.wrecked_ship.shipwreck_event
base.eating.diets.avoids_food_type
base.eating.diets.people_who_follow_this_diet
base.eating.practicer_of_diet.diet
base.ecology.food_web_member.belongs_to_ecosystem_s
base.ecology.food_web_member.eats
base.ecology.type_of_ecosystem.ecosystems_of_this_type
base.engineering.mine.materials_extracted
base.engineering.water_reservoir_use.dams_with_this_purpose
base.environmentalism.environmental_issue.causes
base.eventparticipants.known_participants.participated_in
base.eventparticipants.participated_event.notable_participants
base.events.festival_series.type_of_festival
base.events.subject_of_festival.festivals_of_this_type
base.events.type_of_festival.recurring_festivals_of_this_type
base.familyguy.family_guy_reference.episodes
base.fashionmodels.eye_color.fashion_models_with_this_eye_color
base.fashionmodels.fashion_model.eye_color
base.fashionmodels.fashion_model.hair_color
base.fashionmodels.hair_color.fashion_models_with_this_hair_color
base.fictionaluniverse.deceased_fictional_character.cause_of_death
base.fictionaluniverse.deceased_fictional_character.place_of_death
base.fictionaluniverse.fictional_clone.clone_of
base.fictionaluniverse.fictional_killer.characters_killed
base.fictionaluniverse.fictional_murder_victim.killed_by
base.fight.crime_type.crimes_of_this_type
base.fight.crime_type.includes_crimes
base.fight.crime_type.victims_of_this_crime_type
base.fight.labour_dispute.employer
base.fight.sports_official.sport
base.filmcameras.camera.manufacturer
base.filmcameras.camera.viewfinder_type
base.fires.fire_cause.fires_caused_this_way
base.folklore.mythical_creature.area_of_occurrence
base.folklore.mythical_creature.mythology
base.folklore.mythical_creature_location.mythical_creature_s
base.folklore.mythology.mythical_creatures
base.folklore.named_mythical_creature.type_of_mythical_creature
base.formula1.formula_1_driver.drivers_championship
base.formula1.formula_1_driver.last_race
base.formula1.formula_1_grand_prix.country
base.fragrances.fragrances.made_by
base.gadgets.gadget.category
base.gadgets.gadget.file_formats
base.givennames.given_name.gender
base.givennames.given_name.language
base.godparents.godchild.godparents
base.gossipgirlxxx.character.played_by
base.greatgardens.garden_tool.kind_of_tool
base.grecoromanmythology.roman_deity.deity_of
base.greencars.electric_hybrid_car.ice_fuel
base.horsefacts.event_class.riding_style
base.icons.icon.icon_genre
base.ikariam.ikariam_research.category
base.ikariam.ikariam_research_category.researches
base.ikariam.ikariam_resource_category.resources
base.infrastructure.power_plant_type.power_station
base.infrastructure.power_station.fuel_type
base.internetmemes.internet_meme.originating_website
base.jewishcommunities.jewish_community.synagogues
base.jewlib.parent_institution.judaica_owning_units
base.jewlib.research_center.parent_institution
base.jewlib.research_collection.geographical_scope
base.landcover.land_cover_class.spatial_extent
base.lawsandbox.legal_system.origin
base.litcentral.focal_location.generic_landscape_description
base.litcentral.focal_location.land_manager
base.litcentral.focal_taxa.conservation_projects
base.livemusic.concert_venue.concerts
base.localfood.farm.produce
base.locations.continents.countries_within
base.locations.countries.continent
base.locations.states_and_provences.country
base.lookalikes.twin.twin_members
base.mathematics1.mathematical_concept.generalizations
base.mathematics1.mathematical_concept.named_after
base.meedan.arabic_language_media_source.city
base.meedan.arabic_language_media_source.country
base.militaryinfiction.location_in_fiction.languages
base.militaryinfiction.military_conflict_in_fiction.military_characters_involved
base.militaryinfiction.military_unit_size_designation_in_fiction.units_of_this_size_in_fiction
base.minerals.crystalline_material.polymorphic_forms
base.monster.monster_species.monstrous_subspecies
base.morelaw.canadian_judge.court
base.morelaw.ceasefire.w
base.morelaw.lawsuit.plaintiff
base.morelaw.legal_case.court
base.morelaw.legal_system.court
base.motorcycle.vehicle_part.motorcycle_section
base.movietheatres.movie_theatre.type_of_movietheatre
base.movietheatres.type_of_movie_theatre_cinema.movie_theatres_of_this_type
base.musicfestival.music_festival_event.artists
base.musicmanager.music_manager.managed
base.musiteca.performer.place_of_residence
base.musiteca.type_instrument.compositions
base.mystery.cryptid.type_of_cryptid
base.nasagcmd.gcmd_keyword1.included_within_keyword
base.nascar.nascar_driver.car_make
base.nascar.nascar_driver.team
base.nascar.nascar_race.race_instances
base.nascar.nascar_race_instance.race
base.nascar.nascar_racing_organization.drivers
base.nascar.nascar_racing_organization.owners
base.nascar.nascar_racing_organization_owner.racing_organization_owned
base.natlang.grouped_topic.member_topics
base.ndbcd.buoy.owned_by
base.ndbcd.buoy.region
base.ndbcd.buoy.type_of_buoy
base.newsevents.photographed_event.photograph_s
base.newsevents.photographer.pictures_taken
base.obamabase.cabinet_position.potential_cabinet_members
base.obamabase.possible_cabinet_member.cabinet_position
base.onephylogeny.type_of_thing.included_in
base.onephylogeny.type_of_thing.includes
base.paranormal.person_with_alleged_paranormal_powers.allegedly_responsible_for_paranormal_event
base.paranormal.person_with_alleged_paranormal_powers.type_of_paranormal_ability
base.parody.parodied_subject.parodies
base.patronage.patron.patronized_sector
base.peleton.cycling_organization_membership.cycling_teams_of_this_rank
base.peleton.road_bicycle_racing_event.road_cycling_race_this_is_an_event_of
base.peleton.road_bicycle_racing_event.teams_participating_uci_protour
base.peleton.road_bicycling_race.road_bicycling_race_type
base.petbreeds.cat_breed.temperament
base.petbreeds.cat_temperament.cat_breeds
base.petbreeds.chicken_breed.primary_use
base.petbreeds.dog_breed.color
base.petbreeds.dog_breed.exercise_requirement
base.petbreeds.dog_breed.family_friendly
base.petbreeds.dog_breed.group
base.petbreeds.dog_breed.temperament
base.petbreeds.dog_breed_group.dog_breeds
base.petbreeds.dog_coat_color.dog_breeds
base.petbreeds.dog_temperament.dog_breeds
base.petbreeds.exercise_requirements.dog_breed
base.petbreeds.family_friendly.dog_breed
base.pethealth.diagnosis.used_to_diagnose
base.pethealth.pet_disease_or_medical_condition.causes
base.pethealth.pet_disease_or_medical_condition.diagnosis
base.pethealth.pet_disease_or_medical_condition.pets_affected
base.pethealth.pet_disease_or_medical_condition.risk_factors
base.pethealth.pet_disease_or_medical_condition.symptoms
base.pethealth.pet_disease_or_medical_condition.treatments
base.pethealth.pet_disease_risk_factor.pet_diseases_with_this_risk_factor
base.pethealth.symptom.symptom_of
base.pethealth.treatment.used_to_treat
base.philbsuniverse.musical_album_detailed_view.artist_s_or_band_s
base.phobias.phobia.also_caused_by_medical_condition
base.pinball.pinball_machine.designer
base.pinball.pinball_machine_manufacturer.pinball_machines
base.pipesmoking.component_tobacco.pipe_tobaccos_with_this_component
base.pokemon.pok_mon.based_on
base.politicalconventions.political_convention.presidential_nominee
base.ports.harbor.ports_of_call
base.ports.port_of_call.harbor_type
base.process.process.component_stages
base.process.process.output
base.qualia.recreational_drug_user.drug_s
base.qualia.type_of_disability.support_advocacy_groups
base.realitytv.reality_tv_contestant.season
base.realitytv.reality_tv_season.contestants
base.recordingstudios.recording_studio.albums_recorded_here
base.recordingstudios.studio_musician.insturments_played
base.retail.retailer.brand
base.reviews.review.mentions
base.reviews.review.reviewed_topic
base.rivalries.rival.rivals
base.rivalries.rivalry.rival
base.roses.rose_color.roses_of_this_color
base.roses.roses.country_of_origin
base.roses.roses.named_after
base.roses.roses.type_of_rose
base.roses.type_of_rose.roses_of_this_type
base.rosetta.languoid.child
base.rosetta.languoid.languoid_class
base.rosetta.languoid.local_name
base.rosetta.languoid.parent
base.rosetta.local_name.languoid
base.rugby.rugby_coach.type_of_rugby
base.rugby.rugby_player.type_of_rugby
base.rugby.rugby_position.rugby_players_of_this_position
base.rugby.type_of_rugby.players_of_this_type_of_rugby
base.saints.feast_day.saint
base.saints.saint.feast_day
base.saints.saint.venerated_in
base.satelites.natural_satellite.orbited_body
base.saturdaynightlive.snl_cast_member.highest_status_achieved
base.saturdaynightlive.snl_episode.host
base.saturdaynightlive.snl_episode.musical_guest
base.saturdaynightlive.snl_five_timer.five_timers_of_this_type
base.saturdaynightlive.snl_fiver_timer.type_of_five_timer
base.saturdaynightlive.snl_host.episodes_hosted
base.saturdaynightlive.snl_musical_guest.episodes_as_musical_guest
base.schemastaging.body_of_water_extra.fish
base.schemastaging.disputed_location_claimant.disputed_territories
base.schemastaging.educational_institution_extra.libraries
base.schemastaging.fish.found_in
base.schemastaging.food_extra.broader
base.schemastaging.food_extra.narrower
base.schemastaging.non_profit_classification.organizations
base.schemastaging.non_profit_extra.classification
base.schemastaging.recurring_event_extra.location
base.schemastaging.scholastic_library.institution
base.scubadiving.ecoregion.contained_by
base.services.accounting_service.accounting_service_secialties
base.services.bank_branch.banking_services_provided
base.services.bank_services.banks
base.services.dance_studio.forms_of_dance
base.services.doctor.hospital_affiliations
base.services.health_club.exercise_programs
base.services.insurance_type.insurers
base.services.local_business.payment_accepted
base.services.retail_location.retail_location_clientele
base.services.spa.cosmetic_treatments
base.services.veterinarian.veterinary_specialty
base.skateboarding.skateboarding_tricks.associated_skateboarder
base.skills.skilled_role.performs
base.skosbase.skos_concept.broader
base.skosbase.skos_concept.broader_topic
base.skosbase.skos_concept.equivalent_topic
base.skosbase.skos_concept.narrower
base.skosbase.skos_concept.narrower_topic
base.skosbase.skos_concept_scheme.concepts
base.skosbase.vocabulary_equivalent_topic.broader_concept
base.skosbase.vocabulary_equivalent_topic.equivalent_concept
base.socialdance.dancer.styles
base.songsfromtv.songs_featured.songs_featured
base.sports.sports_draft_pick.draft
base.statistics.statistics_agency.geographic_scope
base.survivor.survivor_contestant.awarded_immunity
base.survivor.survivor_episode.survivors_awarded_with_immunity
base.survivor.survivor_location.survivor_us_season
base.survivor.survivor_season.contestants
base.switzerland.ch_canton.capital
base.technologyofdoing.knowledge_worker_practice.included_in
base.terrorism.terrorist.involved_in_attacks
base.terrorism.terrorist_organization.considered_terrorist_by
base.textiles.textile.textile_weave
base.thoroughbredracing.thoroughbred_racehorse.breeder
base.thoroughbredracing.thoroughbred_racehorse.color
base.thoroughbredracing.thoroughbred_racehorse.country
base.thoroughbredracing.thoroughbred_racehorse.damsire
base.thoroughbredracing.thoroughbred_racehorse.foal_if_this_horse_is_sire
base.thoroughbredracing.thoroughbred_racehorse.grand_foal_if_horse_is_damsire
base.thoroughbredracing.thoroughbred_racehorse.grand_foal_if_horse_is_grandsire
base.thoroughbredracing.thoroughbred_racehorse.grandsire
base.thoroughbredracing.thoroughbred_racehorse.sex
base.thoroughbredracing.thoroughbred_racehorse.sire
base.thoroughbredracing.thoroughbred_racehorse_breeder.horses_bred
base.thoroughbredracing.thoroughbred_racehorse_color.horses_of_this_color
base.thoroughbredracing.thoroughbred_racehorse_origin.horses_from_this_location
base.thoroughbredracing.thoroughbred_racehorse_sex.horses_of_this_sex
base.trails.trail.activity
base.truereligion.style.fit
base.typefaces.typeface.typeface_creator
base.uncommon.exception.focus
base.usnationalparks.us_national_park.classification
base.usnationalparks.us_national_park.closest_airports
base.usnationalparks.us_national_park.state
base.usnris.nris_listing.significance_level
base.usnris.nris_listing.significant_person
base.usnris.significance_level.listings
base.vancouver.location_in_neighborhood.neighborhood
base.webvideo.internet_video.country_of_origin
base.webvideo.internet_video.genre
base.webvideo.internet_video_creator.series_created
base.webvideo.internet_video_director.videos_directed
base.webvideo.internet_video_genre.series
base.webvideo.internet_video_series.episodes
base.webvideo.internet_video_writer.internet_videos_written
base.wrestling.professional_wrestler.member_of_team
base.wrestling.professional_wrestling_manager.managed
base.wrestling.solo_wrestler_or_team.members
base.yalebase.person.worked_on_publications
base.yalebase.residential_college.alumni
base.yupgrade.user.topics
base.zionism.settlement.type_of_settlement
baseball.baseball_division.teams
baseball.baseball_league.teams
baseball.baseball_player.bats
baseball.baseball_player.position_s
baseball.baseball_position.players
baseball.baseball_team.current_manager
baseball.baseball_team.division
baseball.baseball_team.league
basketball.basketball_coach.team
basketball.basketball_conference.divisions
basketball.basketball_conference.teams
basketball.basketball_division.conference
basketball.basketball_division.teams
basketball.basketball_player.position_s
basketball.basketball_position.players
basketball.basketball_team.conference
basketball.basketball_team.division
basketball.basketball_team.head_coach
biology.animal_breed.breed_of
biology.animal_breed.coloring
biology.animal_breed.examples
biology.animal_breed.place_of_origin
biology.animal_breed.temperament
biology.breed_coloring.breeds
biology.breed_origin.breeds_originating_here
biology.breed_temperament.breeds
biology.chromosome.gene
biology.domesticated_animal.breeds
biology.gene.chromosome
biology.gene.genome
biology.genome.gene
biology.organism.children
biology.organism.organism_type
biology.organism.parents
biology.organism.place_of_birth
biology.organism.sex
biology.organism_classification.higher_classification
biology.organism_classification.lower_classifications
biology.organism_classification.organisms_of_this_type
biology.organism_classification.rank
biology.organism_classification_rank.organism_classifications
biology.pedigreed_animal.breed
boats.ship.designer
boats.ship.hull_material
boats.ship.place_built
boats.ship.ship_builder
boats.ship.ship_class
boats.ship_builder.ships_built
boats.ship_class.ships_in_class
boats.ship_type.ship_class
book.audio_book_reader.audio_books_read
book.author.book_editions_published
book.author.contributing_author_to
book.author.school_or_movement
book.author.series_written_or_contributed_to
book.author.works_edited
book.author.works_written
book.book.characters
book.book.editions
book.book.genre
book.book.interior_illustrations_by
book.book_character.appears_in_book
book.book_edition.author_editor
book.book_edition.binding
book.book_edition.book
book.book_edition.contributing_authors
book.book_edition.isbn
book.book_edition.language
book.book_edition.place_of_publication
book.book_edition.publisher
book.book_subject.musical_compositions_about_this_topic
book.book_subject.works
book.illustrator.book_editions_illustrated
book.illustrator.books_illustrated
book.isbn.book_editions
book.journal.discipline
book.literary_series.author_s
book.literary_series.works_in_this_series
book.magazine.genre
book.magazine_genre.magazines_in_this_genre
book.magazine_issue.interior_illustrations_by
book.newspaper.circulation_areas
book.newspaper.owner
book.newspaper_owner.newspapers_owned
book.periodical.language
book.periodical.subjects
book.periodical_subject.periodicals
book.poem.verse_form
book.poem_character.appears_in_poems
book.poetic_verse_form.poems_of_this_form
book.publishing_company.books_published
book.publishing_company.imprint_of
book.publishing_company.imprints
book.school_or_movement.associated_authors
book.school_or_movement.associated_works
book.short_non_fiction.mode_of_writing
book.short_non_fiction_variety.works
book.short_story.characters
book.short_story.genre
book.translated_work.translations
book.translation.language
book.translation.translation_of
book.translator.works_translated
book.written_work.author
book.written_work.editor
book.written_work.next_in_series
book.written_work.original_language
book.written_work.part_of_series
book.written_work.previous_in_series
book.written_work.school_or_movement
book.written_work.subjects
broadcast.artist.content
broadcast.broadcast.area_served
broadcast.broadcast.content
broadcast.broadcast.distributor
broadcast.content.artist
broadcast.content.broadcast
broadcast.content.genre
broadcast.content.language
broadcast.content.location
broadcast.content.producer
broadcast.distributor.distributes
broadcast.genre.content
broadcast.producer.location
broadcast.producer.produces
broadcast.radio_format.stations
broadcast.radio_station.format
broadcast.radio_station.owner
broadcast.radio_station.serves_area
broadcast.radio_station_owner.radio_stations
broadcast.tv_channel.network
broadcast.tv_station.owner
broadcast.tv_station_owner.tv_stations
business.brand.products
business.business_location.in_shopping_center
business.business_location.parent_company
business.business_operation.industry
business.company_advisor.companies_advised
business.company_product_relationship.company
business.company_termination_type.companies
business.company_type.companies_of_this_type
business.consumer_product.brand
business.consumer_product.product_line
business.consumer_product.themes
business.defunct_company.reason_for_ceasing_operations
business.industry.child_industry
business.industry.companies
business.industry.parent_industry
business.product_line.products
business.product_line.themes
business.product_theme.product_lines
business.product_with_ingredients.ingredients
business.shopping_center.owner
business.shopping_center_owner.shopping_centers_owned
chemistry.chemical_classification.chemicals_of_this_type
chemistry.chemical_classification.higher_classifications
chemistry.chemical_classification.lower_classifications
chemistry.chemical_compound.classifications
chemistry.chemical_element.chemical_series
chemistry.chemical_element.discoverer
chemistry.chemical_element.discovering_country
chemistry.chemical_element.isotopes
chemistry.chemical_series.elements
chemistry.element_discoverer.discovered
chemistry.phase_of_matter.compounds_in_this_phase_at_stp
comic_books.comic_book_character.cover_appearances
comic_books.comic_book_character.created_by
comic_books.comic_book_character.first_appearance
comic_books.comic_book_character.primary_universe
comic_books.comic_book_character.regular_featured_appearances
comic_books.comic_book_character.story_specific_appearances
comic_books.comic_book_creator.characters_created
comic_books.comic_book_creator.series_created
comic_books.comic_book_fictional_universe.characters_primarily_appearing_in_this_universe
comic_books.comic_book_genre.comic_book_series_in_this_genre
comic_books.comic_book_genre.stories_in_this_genre
comic_books.comic_book_inker.comic_books_inked
comic_books.comic_book_issue.characters_on_cover
comic_books.comic_book_issue.cover_colors
comic_books.comic_book_penciler.comic_covers_penciled
comic_books.comic_book_publisher.comic_book_series_published
comic_books.comic_book_series.created_by
comic_books.comic_book_series.featured_characters
comic_books.comic_book_series.genre
comic_books.comic_book_series.publisher
comic_books.comic_book_story.characters
comic_books.comic_book_story.genre
comic_books.comic_book_writer.comic_books_written
comic_strips.comic_strip.genre
comic_strips.comic_strip_genre.comic_strips_of_this_genre
common.document.replies
common.image.appears_in_topic_gallery
common.licensed_object.license
common.topic.image
common.topic.notable_types
common.topic.subject_of
common.topic.subjects
computer.computer.includes_models
computer.computer.manufacturer
computer.computer.parent_model
computer.computer.processor
computer.computer_emulator.computer
computer.computer_manufacturer_brand.computer_models
computer.computer_peripheral.compatible_computers
computer.computer_peripheral_class.instances
computer.computer_processor.manufacturers
computer.computer_processor.used_in_computers
computer.computing_platform.file_formats_supported
computer.file_format.extended_from
computer.file_format.format_creator
computer.file_format.genre
computer.file_format.read_by
computer.file_format_genre.file_formats
computer.internet_protocol.software_used_by
computer.operating_system.developer
computer.operating_system.parent_os
computer.operating_system.supported_architectures
computer.programming_language.influenced
computer.programming_language.influenced_by
computer.programming_language.language_designers
computer.programming_language.language_paradigms
computer.programming_language_designer.languages_designed
computer.programming_language_paradigm.languages
computer.software.developer
computer.software.languages_used
computer.software.license
computer.software.protocols_used
computer.software.software_genre
computer.software_developer.software
computer.software_genre.software_in_genre
computer.software_genre.subgenres
computer.software_license.versions
computer.web_browser.layout_engine
conferences.conference.focus
conferences.conference_series.subject
conferences.conference_sponsor.conferences
conferences.conference_subject.series_of_conferences_about_this
cricket.cricket_bowler.bowling_style
cricket.cricket_bowler.pace
cricket.cricket_bowler.technique
cricket.cricket_player.batting_style
cricket.cricket_tournament_event.teams
cvg.computer_game_compilation.games_included
cvg.computer_game_distribution_system.games_distributed
cvg.computer_game_engine.developer
cvg.computer_game_engine.engine_family
cvg.computer_game_engine.used_for_computer_games
cvg.computer_game_mod.game_modded
cvg.computer_game_region.versions_released_in_this_region
cvg.computer_game_subject.games
cvg.computer_videogame.cvg_genre
cvg.computer_videogame.designers
cvg.computer_videogame.developer
cvg.computer_videogame.game_series
cvg.computer_videogame.gameplay_modes
cvg.computer_videogame.influenced
cvg.computer_videogame.influenced_by
cvg.computer_videogame.peripherals_supported
cvg.computer_videogame.platforms
cvg.computer_videogame.prequel
cvg.computer_videogame.processors_supported
cvg.computer_videogame.publisher
cvg.computer_videogame.sequel
cvg.computer_videogame.soundtracks
cvg.computer_videogame.subjects
cvg.computer_videogame.uses_game_engine
cvg.computer_videogame.versions
cvg.cvg_designer.games_designed
cvg.cvg_developer.game_versions_developed
cvg.cvg_developer.games_developed
cvg.cvg_genre.games
cvg.cvg_platform.games
cvg.cvg_platform.games_on_this_platform
cvg.cvg_publisher.game_versions_published
cvg.cvg_publisher.games_published
cvg.game_series.games_in_series
cvg.game_version.developer
cvg.game_version.distributed_through
cvg.game_version.game
cvg.game_version.peripherals_supported
cvg.game_version.platform
cvg.game_version.publisher
cvg.game_version.regions
cvg.gameplay_mode.games_with_this_mode
cvg.video_game_soundtrack.video_game
dataworld.gardening_hint.split_to
digicams.camera_compressed_format.cameras
digicams.camera_iso.cameras
digicams.camera_sensor_type.digital_cameras
digicams.camera_storage_type.compatible_cameras
digicams.camera_uncompressed_format.cameras
digicams.digital_camera.camera_sensor_manufacturer
digicams.digital_camera.compressed_formats
digicams.digital_camera.format
digicams.digital_camera.iso_setting
digicams.digital_camera.manufacturer
digicams.digital_camera.sensor_type
digicams.digital_camera.supported_storage_types
digicams.digital_camera.uncompressed_formats
digicams.digital_camera_manufacturer.cameras
dining.chef.cuisines
dining.cuisine.chefs
dining.cuisine.dishes
dining.cuisine.ingredients
dining.cuisine.region_of_origin
dining.cuisine.restaurant
dining.restaurant.cuisine
distilled_spirits.distilled_spirit.fermentation_base
distilled_spirits.distilled_spirit_type.blends
distilled_spirits.spirit_producing_region.distilleries
education.academic.advisees
education.academic.advisors
education.academic.departments_old
education.academic.research_areas
education.athletics_brand.teams
education.department.academics_old
education.department.field
education.educational_institution.campuses
education.educational_institution.colors
education.educational_institution.mascot
education.educational_institution.newspaper
education.educational_institution.parent_institution
education.educational_institution.school_type
education.educational_institution.sports_teams
education.educational_institution.subsidiary_or_constituent_schools
education.educational_institution_campus.educational_institution
education.field_of_study.academic_departments
education.field_of_study.academics_in_this_field
education.field_of_study.journals_in_this_discipline
education.field_of_study.subdiscipline_of
education.field_of_study.subdisciplines
education.fraternity_sorority.accepted_genders
education.fraternity_sorority.colleges_and_universities
education.fraternity_sorority.colors
education.fraternity_sorority.founded_location
education.grade_level.locations_used
education.school.highest_grade_taught
education.school.lowest_grade_taught
education.school.school_district
education.school_category.schools_of_this_kind
education.school_district.locations_served
education.school_district.lowest_grade_taught
education.school_district.schools
education.school_magazine.school
education.school_mascot.school
education.school_newspaper.school
education.university.departments
education.university.fraternities_and_sororities
engineering.engine_category.engines
engineering.engine_category.sub_categories
engineering.material.parent_material_class
event.disaster.areas_affected
event.disaster.survivors
event.disaster.type_of_disaster
event.disaster.victims
event.disaster_survivor.survived_disasters
event.disaster_type.disasters_of_this_type
event.disaster_victim.killed_in_disaster
exhibitions.exhibit.exhibitions_displayed_in
exhibitions.exhibition.exhibition_types
exhibitions.exhibition.exhibits
exhibitions.exhibition.produced_by
exhibitions.exhibition.subjects
exhibitions.exhibition_producer.exhibitions_produced
exhibitions.exhibition_subject.exhibitions_created_about_this_subject
fashion.garment.more_specialized_forms
fashion.garment.specialization_of
fictional_universe.character_gender.characters_of_this_gender
fictional_universe.character_occupation.characters_with_this_occupation
fictional_universe.character_powers.characters_with_this_ability
fictional_universe.character_species.characters_of_this_species
fictional_universe.character_species.found_in_fictional_universe
fictional_universe.ethnicity_in_fiction.characters_of_this_ethnicity
fictional_universe.fictional_character.appears_in_these_fictional_universes
fictional_universe.fictional_character.based_on
fictional_universe.fictional_character.character_created_by
fictional_universe.fictional_character.children
fictional_universe.fictional_character.education
fictional_universe.fictional_character.ethnicity
fictional_universe.fictional_character.gender
fictional_universe.fictional_character.has_possessed
fictional_universe.fictional_character.medical_conditions
fictional_universe.fictional_character.occupation
fictional_universe.fictional_character.organizations
fictional_universe.fictional_character.parents
fictional_universe.fictional_character.place_of_birth
fictional_universe.fictional_character.places_lived
fictional_universe.fictional_character.powers_or_abilities
fictional_universe.fictional_character.rank
fictional_universe.fictional_character.species
fictional_universe.fictional_character_creator.fictional_characters_created
fictional_universe.fictional_creature.fictional_creature_species
fictional_universe.fictional_language.found_in_fictional_universe
fictional_universe.fictional_object.created_by
fictional_universe.fictional_object.featured_in_fictional_universe
fictional_universe.fictional_organization.fictional_organization_founder
fictional_universe.fictional_organization.members
fictional_universe.fictional_organization.type_of_organization
fictional_universe.fictional_organization_type.organizations
fictional_universe.fictional_setting.characters_that_have_lived_here
fictional_universe.fictional_setting.fictional_characters_born_here
fictional_universe.fictional_setting.languages
fictional_universe.fictional_setting.setting_type
fictional_universe.fictional_setting.universe
fictional_universe.fictional_setting.works_set_here
fictional_universe.fictional_substance.fictional_object
fictional_universe.fictional_universe.characters
fictional_universe.fictional_universe.created_by
fictional_universe.fictional_universe.locations
fictional_universe.fictional_universe.organizations
fictional_universe.fictional_universe.works_set_here
fictional_universe.medical_condition_in_fiction.characters_with_this_condition
fictional_universe.person_in_fiction.representations_in_fiction
fictional_universe.school_in_fiction.students_graduates
fictional_universe.type_of_fictional_setting.settings
fictional_universe.work_of_fiction.part_of_these_fictional_universes
fictional_universe.work_of_fiction.setting
film.actor.film
film.cinematographer.film
film.content_rating.country
film.content_rating.film
film.content_rating_system.film_ratings
film.director.film
film.editor.film
film.film.cinematography
film.film.costume_design_by
film.film.country
film.film.directed_by
film.film.edited_by
film.film.executive_produced_by
film.film.featured_film_locations
film.film.featured_song
film.film.film_art_direction_by
film.film.film_casting_director
film.film.film_collections
film.film.film_festivals
film.film.film_format
film.film.film_production_design_by
film.film.film_series
film.film.film_set_decoration_by
film.film.genre
film.film.language
film.film.locations
film.film.music
film.film.prequel
film.film.primary_language
film.film.produced_by
film.film.production_companies
film.film.rating
film.film.sequel
film.film.soundtrack
film.film.story_by
film.film.subjects
film.film.written_by
film.film_art_director.films_art_directed
film.film_casting_director.films_casting_directed
film.film_collection.films_in_collection
film.film_costumer_designer.costume_design_for_film
film.film_featured_song.featured_in_film
film.film_featured_song.performed_by
film.film_festival.focus
film.film_festival.individual_festivals
film.film_festival.location
film.film_festival_event.festival
film.film_festival_event.films
film.film_format.film_format
film.film_genre.films_in_this_genre
film.film_location.featured_in_films
film.film_production_designer.films_production_designed
film.film_series.films_in_series
film.film_set_designer.film_sets_designed
film.film_story_contributor.film_story_credits
film.film_subject.films
film.music_contributor.film
film.producer.film
film.producer.films_executive_produced
film.production_company.films
film.writer.film
finance.currency.countries_formerly_used
finance.currency.countries_used
finance.stock_exchange.primary_regions
food.beer.beer_style
food.candy_bar.manufacturer
food.candy_bar.sold_in
food.candy_bar_manufacturer.candy_bars
food.cheese.country_of_origin
food.cheese.region
food.cheese.source_of_milk
food.cheese.texture
food.cheese_milk_source.cheeses
food.culinary_technique.recipes
food.diet.followers
food.diet_follower.follows_diet
food.dietary_restriction.compatible_ingredients
food.dietary_restriction.incompatible_ingredients
food.dish.cuisine
food.dish.ingredients
food.dish.type_of_dish1
food.drinking_establishment.drinking_establishment_type
food.ingredient.compatible_with_dietary_restrictions
food.ingredient.cuisine
food.ingredient.dishes
food.ingredient.incompatible_with_dietary_restrictions
food.ingredient.more_general_ingredient
food.ingredient.more_specific_ingredient
food.type_of_dish.dishes
freebase.user_profile.favorite_films
freebase.valuenotation.is_reviewed
games.game.derived_from
games.game.designer
games.game.genre
games.game.origin
games.game.publisher
games.game_designer.games_designed
games.game_genre.boardgames
games.game_publisher.games_published
geography.body_of_water.bridges
geography.body_of_water.islands
geography.geographical_feature.category
geography.geographical_feature_category.features
geography.geographical_feature_category.subcategory_of
geography.glacier.terminus
geography.island.body_of_water
geography.island.island_group
geography.island_group.islands_in_group
geography.lake.basin_countries
geography.lake.cities
geography.lake.inflow
geography.lake.lake_type
geography.lake.outflow
geography.lake_type.lakes_of_this_type
geography.mountain.first_ascenders
geography.mountain.listings
geography.mountain.mountain_range
geography.mountain.mountain_type
geography.mountain_listing.mountains
geography.mountain_pass.range
geography.mountain_pass.transversed_by
geography.mountain_range.mountains
geography.mountain_range.passes
geography.mountain_type.mountains_of_this_type
geography.mountaineer.first_ascents
geography.river.basin_countries
geography.river.cities
geography.river.mouth
geography.river.origin
geology.rock_type.parent_rock_type
government.election.office
government.form_of_government.countries
government.government_agency.government
government.government_agency.jurisdiction
government.government_agency.provides_service
government.government_agency.successor_agency
government.government_office_category.offices
government.government_office_or_title.category
government.government_office_or_title.governmental_body_if_any
government.government_office_or_title.jurisdiction
government.government_position_held.office_holder
government.government_position_held.office_position_or_title
government.government_service.operating_organization
government.government_service.providing_agency
government.governmental_body.body_this_is_a_component_of
government.governmental_body.component_bodies
government.governmental_body.jurisdiction
government.governmental_jurisdiction.agencies
government.governmental_jurisdiction.government_bodies
government.governmental_jurisdiction.government_positions
government.political_ideology.political_parties
government.political_party.ideology
government.primary_election.party
ice_hockey.hockey_conference.divisions
ice_hockey.hockey_player.hockey_position
ice_hockey.hockey_player.shoots
ice_hockey.hockey_position.players
ice_hockey.hockey_team.captain
influence.influence_node.influenced
influence.influence_node.influenced_by
interests.collectable_item.collection_category
interests.collection_category.items_in_this_category
interests.collection_category.parent_category
interests.collection_category.sub_categories
interests.hobby.people_with_this_hobby
interests.hobbyist.hobbies
internet.blog.blogger
internet.blog.focus
internet.blogger.blog
internet.protocol.api
internet.top_level_domain.domain_type
internet.top_level_domain.sponsor
internet.top_level_domain_type.domains
internet.website.category
internet.website.owner
internet.website.parent_web_property
internet.website.status
internet.website_category.sites
internet.website_owner.websites_owned
internet.website_status.sites
language.conlang.created_by
language.human_language.countries_spoken_in
language.human_language.dialects
language.human_language.language_family
language.human_language.main_country
language.human_language.region
language.human_language.writing_system
language.language_dialect.language
language.language_family.geographic_distribution
language.language_family.languages
language.language_family.member_of_language_families
language.language_family.sub_families
language.language_writing_system.languages
language.language_writing_system.parent_writing_systems
language.language_writing_system.type_of_writing
law.constitution.amendments
law.constitutional_convention_delegate.constitutional_conventions
law.court.inferior_courts
law.court.legal_cases
law.court.superior_courts
law.court_jurisdiction_area.courts
law.invention.inventor
law.inventor.inventions
law.judge.cases
law.legal_case.court
law.legal_case.judges
law.legal_case.subject
location.administrative_division.country
location.administrative_division.first_level_division_of
location.administrative_division.second_level_division_of
location.ar_department.capital
location.citytown.postal_codes
location.cn_autonomous_county.designated_minority
location.country.administrative_divisions
location.country.capital
location.country.currency_formerly_used
location.country.currency_used
location.country.first_level_divisions
location.country.form_of_government
location.country.languages_spoken
location.country.official_language
location.country.second_level_divisions
location.de_rural_district.district_seat
location.fr_region.departments
location.hud_county_place.county
location.hud_county_place.place
location.hud_section_8_area.county
location.in_state.administrative_capital
location.in_state.judicial_capital
location.in_state.legislative_capital
location.location.containedby
location.location.contains
location.location.contains_major_portion_of
location.location.events
location.location.nearby_airports
location.location.partially_containedby
location.location.partially_contains
location.location.people_born_here
location.location.primarily_containedby
location.location.time_zones
location.neighborhood.neighborhood_of
location.place_with_neighborhoods.neighborhoods
location.postal_code.country
location.us_county.county_seat
location.us_county.hud_county_place
location.us_county.hud_section_8_area
location.us_state.capital
martial_arts.martial_art.category
martial_arts.martial_art.well_known_practitioner
martial_arts.martial_artist.martial_art
martial_arts.martial_artist.martial_arts_students
measurement_unit.dimension.instruments
measurement_unit.dimension.units
measurement_unit.measurement_system.force_units
media_common.adaptation.adapted_from
media_common.adapted_work.adaptations
media_common.cause_of_loss.works_lost_this_way
media_common.literary_genre.books_in_this_genre
media_common.literary_genre.stories_in_this_genre
media_common.media_genre.child_genres
media_common.media_genre.parent_genre
media_common.netflix_genre.titles
media_common.netflix_title.netflix_genres
media_common.quotation.author
media_common.quotation.spoken_by_character
media_common.quotation.subjects
media_common.quotation_source.quotations
media_common.quotation_subject.quotations_about_this_subject
medicine.condition_prevention_factors.conditions_this_may_prevent
medicine.disease.causes
medicine.disease.includes_diseases
medicine.disease.medical_specialties
medicine.disease.notable_people_with_this_condition
medicine.disease.parent_disease
medicine.disease.prevention_factors
medicine.disease.risk_factors
medicine.disease.symptoms
medicine.disease.treatments
medicine.disease_cause.diseases
medicine.drug.active_moieties
medicine.drug.drug_class
medicine.drug.legal_status
medicine.drug.marketed_formulations
medicine.drug.mechanism_of_action
medicine.drug.physiologic_effect
medicine.drug.pregnancy_category
medicine.drug.route_of_administration
medicine.drug_administration_route.administered_drugs
medicine.drug_administration_route.drug_formulations
medicine.drug_brand.active_ingredients
medicine.drug_brand.canonical_drug
medicine.drug_class.drugs
medicine.drug_dosage_flavor.drugs_with_this_flavor
medicine.drug_dosage_form.formulations_available_in_this_form
medicine.drug_form_shape.drugs_with_this_shape
medicine.drug_formulation.active_ingredient_moieties
medicine.drug_formulation.active_ingredients
medicine.drug_formulation.dosage_form
medicine.drug_formulation.drug_category
medicine.drug_formulation.formulation_of
medicine.drug_formulation.legal_status
medicine.drug_formulation.routes
medicine.drug_formulation_category.drug_formulations
medicine.drug_ingredient.active_ingredient_of_formulation
medicine.drug_ingredient.active_moiety_of_drug
medicine.drug_ingredient.active_moiety_of_formulation
medicine.drug_ingredient.more_general_ingredient
medicine.drug_ingredient.more_specific_ingredient
medicine.drug_manufacturer.drugs_manufactured
medicine.drug_mechanism_of_action.drugs_with_this_mechanism_of_action
medicine.drug_physiologic_effect.drugs_with_this_physiologic_effect
medicine.drug_pregnancy_category.drugs_in_this_category
medicine.hospital.medical_specialties
medicine.icd_9_cm_classification.includes_classifications
medicine.icd_9_cm_classification.parent_classification
medicine.infectious_disease.transmission
medicine.infectious_disease.vaccine
medicine.manufactured_drug_form.available_in
medicine.manufactured_drug_form.color
medicine.manufactured_drug_form.flavor
medicine.manufactured_drug_form.manufacturer
medicine.manufactured_drug_form.shape
medicine.medical_specialty.diseases_treated
medicine.medical_specialty.hospitals_with_this_specialty
medicine.medical_specialty.physicians_with_this_specialty
medicine.medical_treatment.side_effects
medicine.medical_treatment.trials
medicine.medical_treatment.used_to_treat
medicine.notable_person_with_medical_condition.condition
medicine.physician.medical_specialty
medicine.risk_factor.diseases
medicine.symptom.side_effect_of
medicine.symptom.symptom_of
medicine.vaccine.infectious_disease
meteorology.cloud.varieties
meteorology.cyclone_affected_area.cyclones
meteorology.meteorological_service.forecast_zones
meteorology.tropical_cyclone.affected_areas
meteorology.tropical_cyclone.tropical_cyclone_season
meteorology.tropical_cyclone_season.tropical_cyclones
metropolitan_transit.transit_agency.systems
metropolitan_transit.transit_line.service_type
metropolitan_transit.transit_line.stops
metropolitan_transit.transit_line.terminuses
metropolitan_transit.transit_line.transit_system
metropolitan_transit.transit_line.vehicle_types
metropolitan_transit.transit_service_type.transit_lines
metropolitan_transit.transit_service_type.transit_systems
metropolitan_transit.transit_stop.terminus_for_lines
metropolitan_transit.transit_stop.transit_lines
metropolitan_transit.transit_system.area_served
metropolitan_transit.transit_system.transit_lines
metropolitan_transit.transit_system.transit_service_types
metropolitan_transit.transit_vehicle.transit_lines
military.armed_force.military_combatant
military.armed_force.units
military.military_combatant.armed_forces
military.military_combatant.includes_allies
military.military_conflict.military_personnel_involved
military.military_person.participated_in_conflicts
military.military_unit.armed_force
military.military_unit.place_of_origin
military.military_unit.unit_size
military.military_unit_place_of_origin.military_units
military.military_unit_size.units_of_this_type
music.album.acquire_webpage
music.album.album_content_type
music.album.artist
music.album.compositions
music.album.featured_artists
music.album.genre
music.album.primary_release
music.album.release_type
music.album.releases
music.album_content_type.albums
music.album_release_type.albums
music.artist.album
music.artist.concert_tours
music.artist.genre
music.artist.label
music.artist.origin
music.artist.supporting_artists
music.artist.track
music.composer.compositions
music.composition.arrangements
music.composition.composer
music.composition.form
music.composition.includes
music.composition.language
music.composition.lyricist
music.composition.musical_key
music.composition.place_composed
music.composition.place_of_first_performance
music.composition.recorded_as_album
music.composition.recordings
music.composition.subjects
music.compositional_form.compositions
music.concert_tour.artist
music.conductor.operas_conducted
music.engineer.releases_engineered
music.engineer.tracks_engineered
music.featured_artist.albums
music.featured_artist.recordings
music.genre.albums
music.genre.artists
music.genre.parent_genre
music.genre.subgenre
music.group_member.artists_supported
music.group_member.instruments_played
music.group_member.vocal_range
music.guitar.brand
music.guitarist.guitars_played
music.instrument.family
music.instrument.instrumentalists
music.instrument.variation
music.lyricist.lyrics_written
music.multipart_release.components
music.music_video.artist
music.music_video.directed_by
music.music_video.music_video_song
music.music_video.music_video_subject
music.music_video_director.music_videos_directed
music.producer.releases_produced
music.producer.tracks_produced
music.record_label.artist
music.record_label.releases
music.recording.artist
music.recording.canonical_version
music.recording.engineer
music.recording.featured_artists
music.recording.producer
music.recording.releases
music.recording.song
music.recording.tracks
music.release.album
music.release.engineers
music.release.format
music.release.label
music.release.producers
music.release.region
music.release.track
music.release.track_list
music.release_track.recording
music.release_track.release
music.single.versions
music.soundtrack.film
music.voice.singers
olympics.olympic_event.olympic_games_contested
olympics.olympic_event.sport
olympics.olympic_games.events
olympics.olympic_games.host_city
olympics.olympic_games.participating_countries
olympics.olympic_games.sports
olympics.olympic_host_city.olympics_hosted
olympics.olympic_participating_country.olympics_participated_in
olympics.olympic_sport.events
olympics.olympic_sport.olympic_games_contested
opera.librettist.libretti
opera.opera.genre
opera.opera.language
opera.opera.librettist
opera.opera_genre.operas_in_this_genre
opera.opera_house.productions
opera.opera_production.performed_at
organization.club_interest.clubs
organization.leadership.role
organization.organization.advisors
organization.organization.founders
organization.organization.geographic_scope
organization.organization.legal_structure
organization.organization.locations
organization.organization.organization_type
organization.organization.place_founded
organization.organization.sectors
organization.organization_founder.organizations_founded
organization.organization_partnership.members
organization.organization_scope.organizations_with_this_scope
organization.organization_sector.organizations_in_this_sector
organization.organization_type.organizations_of_this_type
people.cause_of_death.includes_causes_of_death
people.cause_of_death.parent_cause_of_death
people.cause_of_death.people
people.chinese_ethnic_group.autonomous_regions
people.deceased_person.cause_of_death
people.deceased_person.place_of_burial
people.deceased_person.place_of_cremation
people.deceased_person.place_of_death
people.ethnicity.geographic_distribution
people.ethnicity.included_in_group
people.ethnicity.includes_groups
people.ethnicity.languages_spoken
people.ethnicity.people
people.family.country
people.family.members
people.family_member.family
people.person.children
people.person.ethnicity
people.person.gender
people.person.languages
people.person.nationality
people.person.parents
people.person.place_of_birth
people.person.profession
people.person.quotations
people.person.religion
people.place_of_interment.interred_here
people.profession.corresponding_type
people.profession.people_with_this_profession
people.profession.specialization_of
people.profession.specializations
periodicals.newspaper_circulation_area.newspapers
pipeline.task.status
protected_sites.governing_body_of_protected_sites.protected_sites_governed
protected_sites.iucn_category.protected_areas
protected_sites.natural_or_cultural_site_designation.categories
protected_sites.park_system.member_parks
protected_sites.protected_site.governing_body
protected_sites.protected_site.iucn_category
protected_sites.protected_site.system
radio.radio_program.subjects
rail.railway.terminuses
religion.belief.belief_of
religion.deity.deity_of
religion.founding_figure.religion_founded
religion.monastery.religion
religion.monastery.religious_order
religion.place_of_worship.religion
religion.place_of_worship.type_of_place_of_worship
religion.religion.beliefs
religion.religion.branched_into
religion.religion.deities
religion.religion.is_part_of
religion.religion.notable_figures
religion.religion.organizations
religion.religion.places_of_worship
religion.religion.practices
religion.religion.sacred_sites
religion.religion.texts
religion.religious_jurisdiction_class.jurisdiction
religion.religious_leadership_jurisdiction.organisation
religion.religious_organization.associated_with
religion.religious_organization.jurisdictions
religion.religious_practice.practice_of
religion.religious_text.religious_text_of
religion.type_of_place_of_worship.places_of_worship
royalty.kingdom.rulers
royalty.monarch.kingdom
royalty.monarch.royal_line
royalty.noble_rank.titles_conferring_this_rank
royalty.noble_title.noble_rank
royalty.royal_line.kingdom_s_ruled
royalty.royal_line.monarchs_from_this_line
royalty.royal_line.succeeded_by
skiing.ski_area.closest_city
soccer.football_match.referee
soccer.football_match.teams
soccer.football_pitch.matches
soccer.football_player.position_s
soccer.football_position.players
soccer.football_referee.main_referee_for
soccer.football_team.matches
spaceflight.astronaut.missions
spaceflight.astronaut.space_agency
spaceflight.bipropellant_rocket_engine.oxidizer
spaceflight.rocket.country_of_origin
spaceflight.rocket.manufacturer
spaceflight.rocket_engine_fuel.rocket_engines
spaceflight.rocket_engine_status.rocket_engines
spaceflight.satellite.launch_vehicle
spaceflight.satellite_manufacturer.spacecraft_manufactured
spaceflight.space_agency.astronauts
spaceflight.space_mission.astronauts
spaceflight.space_mission.destination
spaceflight.space_mission.space_program
spaceflight.space_program.missions
spaceflight.space_program.sponsor
spaceflight.spacecraft.manufacturer
sports.boxer.stance
sports.boxer.weight_division
sports.boxing_weight_division.boxers_rated_at_this_weight
sports.defunct_sports_team.later_known_as
sports.golf_club_access.golf_clubs
sports.multi_event_tournament.events
sports.multi_event_tournament.participating_countries
sports.multi_event_tournament.sports
sports.professional_sports_team.owner_s
sports.school_sports_team.athletics_brand
sports.school_sports_team.school
sports.sport.leagues
sports.sport.officials
sports.sport.positions
sports.sport.related_equipment
sports.sport.team_coaches
sports.sport.teams
sports.sport_country.multi_event_tournaments_participated_in
sports.sports_championship.events
sports.sports_championship_event.champion
sports.sports_championship_event.championship
sports.sports_championship_event.runner_up
sports.sports_equipment.sport_used_for
sports.sports_facility.teams
sports.sports_league.championship
sports.sports_league.sport
sports.sports_league_season.league
sports.sports_official.sport
sports.sports_position.sport
sports.sports_team.arena_stadium
sports.sports_team.championships
sports.sports_team.colors
sports.sports_team.location
sports.sports_team.member_of
sports.sports_team.previously_known_as
sports.sports_team.sport
sports.sports_team_coach.sports_coached
sports.sports_team_location.teams
sports.sports_team_owner.teams_owned
sports.tournament_event.sport
sports.tournament_event.tournaments_contested_in
symbols.name_source.namesakes
symbols.namesake.named_after
theater.musical_soundtrack.play
theater.play.characters
theater.play.composer
theater.play.country_of_origin
theater.play.genre
theater.play.lyricist
theater.play.orchestrator
theater.play.soundtracks
theater.theater.theatrical_productions_staged_here
theater.theater_character.plays_appears_in
theater.theater_choreographer.plays_choreographed
theater.theater_company.plays_produced
theater.theater_director.plays_directed
theater.theater_genre.plays_in_this_genre
theater.theater_producer.plays_produced
theater.theater_production.choreographer
theater.theater_production.director
theater.theater_production.musical_director
theater.theater_production.performed_at
theater.theater_production.play
theater.theater_production.producer
theater.theater_production.producing_company
theater.theatrical_composer.plays_composed
theater.theatrical_lyricist.play_lyrics_written
theater.theatrical_orchestrator.plays_orchestrated
time.calendar.days_of_year
time.day_of_year.calendar_system
time.day_of_year.holidays
time.event.included_in_event
time.event.includes_event
time.event.instance_of_recurring_event
time.event.locations
time.event.people_involved
time.holiday.day_of_year
time.holiday.featured_in_religions
time.holiday.type_of_holiday
time.holiday_category.holidays
time.holiday_period.holidays
time.recurring_event.current_frequency
time.recurring_event.instances
time.time_zone.locations_in_this_time_zone
transportation.bridge.body_of_water_spanned
transportation.bridge.bridge_type
transportation.bridge.locale
transportation.bridge_type.bridges_of_this_type
transportation.road.major_cities
transportation.road.orientation
travel.accommodation.accommodation_type
travel.accommodation.features
travel.accommodation_feature.accommodation_with_this_feature
travel.accommodation_type.accommodation_of_this_type
travel.guidebook.travel_destinations_covered
travel.hotel.operated_by
travel.hotel.operating_brand
travel.hotel_brand.hotels_in_this_brand
travel.hotel_operator.hotels_operated
travel.tourist_attraction.near_travel_destination
travel.travel_destination.accommodation
travel.travel_destination.guidebooks
travel.travel_destination.how_to_get_here
travel.travel_destination.local_transportation
travel.travel_destination.tourist_attractions
tv.multipart_tv_episode.episodes
tv.tv_character.first_tv_appearance
tv.tv_director.episodes_directed
tv.tv_episode_segment.writer
tv.tv_genre.programs
tv.tv_network.areas_served
tv.tv_program.country_of_origin
tv.tv_program.episodes
tv.tv_program.filming_locations
tv.tv_program.genre
tv.tv_program.languages
tv.tv_program.multipart_episodes
tv.tv_program.program_creator
tv.tv_program.seasons
tv.tv_program.soundtrack
tv.tv_program.spin_offs
tv.tv_program.spun_off_from
tv.tv_program.subjects
tv.tv_program.theme_song
tv.tv_program_creator.programs_created
tv.tv_rating.tv_episodes
tv.tv_series_episode.director
tv.tv_series_episode.next_episode
tv.tv_series_episode.previous_episode
tv.tv_series_episode.season
tv.tv_series_episode.series
tv.tv_series_episode.subjects
tv.tv_series_episode.tv_rating
tv.tv_series_episode.writer
tv.tv_series_season.episodes
tv.tv_series_season.series
tv.tv_soundtrack.tv_program
tv.tv_subject.tv_episodes
tv.tv_subject.tv_programs
tv.tv_theme_song.theme_song_for
tv.tv_writer.episodes_written
tv.tv_writer.tv_segments_written
type.content.language
type.content.media_type
type.content.uploaded_by
type.domain.types
type.object.permission
type.object.type
type.permission.controls
type.property.expected_type
type.type.domain
type.type.instance
type.type.properties
type.user.usergroup
type.usergroup.member
user.agroschim.default_domain.notable_author_of_a_lit_movement.literary_movement
user.alecf.default_domain.audio_program_distribution.shows
user.alecf.default_domain.audio_program_host.shows_hosted
user.alexander.misc.murdered_person.murdered_by
user.alexander.misc.murdered_person.place_murdered
user.alexander.misc.murderer.people_murdered
user.alexander.philosophy.era.philosophers
user.alexander.philosophy.idea.philosopher
user.alexander.philosophy.philosopher.era
user.alexander.philosophy.philosopher.interests
user.alexander.philosophy.school_of_thought.philosophers
user.alexander.philosophy.subject.philosophers
user.arielb.default_domain.concentration_camp.survivors
user.carmenmfenn1.default_domain.cityscape.museums
user.chaswarner.default_domain.computer_program.reads
user.chaswarner.default_domain.file_format.read_by
user.cip22.default_domain.design_pattern.pattern_type
user.coco.science.concepts_theories.child_concept
user.coco.science.concepts_theories.parent_concept
user.druderman.default_domain.gene.species
user.duck1123.default_domain.adopted_character.adoptive_parents
user.duck1123.default_domain.alternate_persona.personae
user.dylanrocks.national_football_league.nfl_stadiums_where_home_team_lost_the_first_game.team_beaten_by
user.dylanrocks.national_football_league.nfl_teams_that_have_moved_cities.destination_city
user.fluteflute.default_domain.radio_program.country_of_origin
user.hds.default_domain.suburb.contained_by
user.hedgehog.default_domain.verifiable_statement.author
user.jamie.food.food_additive.category
user.jamie.food.food_additive_category.categorizes
user.jamie.military_awards.award.service
user.jeremy.default_domain.mma_fighter.next_opponent
user.jfry.default_domain.pseudonym.used_by
user.jg.default_domain.olympic_games.sports
user.jonathanwlowe.location.city_limits.bounds_city
user.jschell.default_domain.fictional_character.appeared_in
user.kake.iron_chef.iron_chef.episodes_appeared_in
user.kesava.indian_railways_base.railway_zone.divisions
user.ktrueman.default_domain.governing_body.member_organizations
user.ktrueman.default_domain.international_organization.member_states
user.kurt.default_domain.thoughtranker.revered_by
user.kwelle.default_domain.snooker_tournament.tournament_location
user.lindenb.default_domain.scientist.known_for
user.lindenb.default_domain.scientist.worked_with
user.mbmuhr.default_domain.non_profit_organization.donors
user.mcstrother.default_domain.human_pathogenic_microbe.observed_resistances
user.mcstrother.default_domain.human_pathogenic_microbe.sources_of_exposure
user.micahsaul.advertising.ad.art_director
user.micahsaul.advertising.ad_campaign.advertised_thing
user.micahsaul.advertising.ad_campaign.advertiser
user.micahsaul.advertising.ad_campaign.type_of_campaign
user.micahsaul.advertising.ad_campaign_type.campaigns_of_this_type
user.micahsaul.advertising.advertised_thing.ad_campaigns
user.micahsaul.advertising.advertiser.ad_campaigns
user.micahsaul.advertising.art_director.ads
user.micahsaul.five_alarm_food.hot_sauce.ingredients
user.mikeshwe.hairstyles.hairstyle.celebrities
user.movgp0.default_domain.measurement_system.derived_units
user.mt.default_domain.biofunction.metabolites
user.mt.default_domain.chemical_species.chemicals
user.mt.default_domain.metabolite.associated_disorder
user.mt.default_domain.metabolite.biofluid_location
user.mt.default_domain.metabolite.biofunction
user.mt.default_domain.metabolite.chemical_species
user.mt.default_domain.metabolite.tissue_location
user.narphorium.default_domain.base_equivalent_location.base
user.narphorium.default_domain.profession.specializations
user.ndunham.default_domain.uol_drama.subject
user.negativboy.default_domain.bearded_freak.beard_color
user.osprey.default_domain.service_area.location
user.patrick.default_domain.tagged_topic.tags
user.psych0fred.default_domain.discovered_by.person
user.radiusrs.default_domain.astrological_sign.element
user.radiusrs.default_domain.astrological_sign.zodiac
user.radiusrs.default_domain.astrology.related_topics
user.rcheramy.default_domain.hockey_team.city
user.rcheramy.default_domain.hockey_team.head_coach
user.robert.default_domain.given_name.people
user.robert.military.military_person.allegiance
user.robert.military.military_person.participated_in_conflicts
user.robert.mobile_phones.mobile_phone.brand
user.robert.mobile_phones.mobile_phone.broadband_technology_supported
user.robert.mobile_phones.mobile_phone.carriers
user.robert.mobile_phones.mobile_phone.input_interface
user.robert.roman_empire.roman_dynasty.emperors
user.robert.roman_empire.roman_emperor.emperor_of
user.robert.roman_empire.roman_emperor.successor
user.robert.roman_empire.roman_emperor.title
user.robert.roman_empire.roman_emperor_title.emperors_with_this_title
user.robert.roman_empire.roman_region.emperors
user.robert.tallest.building.preceded_by
user.robert.us_congress.congressional_caucus.current_house_members
user.robert.us_congress.congressional_district.current_house_representative
user.robert.us_congress.congressional_district.state
user.robert.us_congress.house_committee.current_members
user.robert.us_congress.us_representative.committee_memberships
user.robert.us_congress.us_representative.congressional_caucus_memberships
user.robert.us_congress.us_representative.state
user.saiyr.Computers.web_framework.license
user.sandos.research.research_project.research_topic
user.skud.boats.vessel.use
user.skud.embassies_and_consulates.embassy.from_country
user.skud.embassies_and_consulates.embassy.to_country
user.sprocketonline.economics.legislative_body.passed_legislation
user.sue_anne.default_domain.olympic_medal_event.gold_medalist
user.szaijan.fantasy_football.player.nfl_team
user.szaijan.fantasy_football.player.position
user.szaijan.fantasy_football.position.player
user.techgnostic.default_domain.magazine_topic.periodical
user.techgnostic.default_domain.periodical.subject
user.thadguidry.default_domain.broadcast_satellite.beam_area
user.thadguidry.default_domain.cereal_grain.breads_made_with
user.thalendar.default_domain.roleplaying_game.genre
user.thalendar.default_domain.roleplaying_game.language
user.trondarild.default_domain.medical_sign.associated_condition
user.tsegaran.computer.algorithm.family
user.tsegaran.computer.algorithm_family.algorithm
user.tsegaran.language.phrase.original_language
user.tsegaran.mathematics.mathematical_concept.discoverer
user.tsturge.language.alphabet.letter
user.tsturge.language.letter.alphabet
user.yarnover.default_domain.handcraft.handcraft_medium
visual_art.art_period_movement.associated_artists
visual_art.art_period_movement.associated_artworks
visual_art.art_series.subject
visual_art.art_subject.artwork_on_the_subject
visual_art.artwork.art_form
visual_art.artwork.art_genre
visual_art.artwork.art_subject
visual_art.artwork.artist
visual_art.artwork.belongs_to_series
visual_art.artwork.media
visual_art.artwork.period_or_movement
visual_art.artwork.support
visual_art.visual_art_form.artists
visual_art.visual_art_form.artworks
visual_art.visual_art_genre.artworks
visual_art.visual_art_medium.artworks
visual_art.visual_art_support.artworks
visual_art.visual_artist.art_forms
visual_art.visual_artist.artworks
visual_art.visual_artist.associated_periods_or_movements
wine.appellation.wines
wine.wine.appellation
wine.wine.color
wine.wine.country
wine.wine.region
wine.wine.wine_sub_region
wine.wine.wine_type
wine.wine_producer.wines
wine.wine_region.wines
wine.wine_sub_region.wines
zoos.zoo.exhibits
zoos.zoo.memberships
zoos.zoo_exhibit.species
zoos.zoo_exhibit.zoo
